code,term,dmd_id,dmd_type,bnf_code
8044011000001107,Original Andrews Salts effervescent powder,8044011000001107,AMP,0101010T0BBAAA0
31000111000001103,Boots Effervescent Health Salts,31000111000001103,AMP,0101010T0BCAAA0
42351411000001108,Alverine 60mg capsules,42351411000001108,VMP,0102000A0AAAAAA
18030911000001104,Alverine 60mg capsules,18030911000001104,AMP,0102000A0AAAAAA
18030511000001106,Alverine 60mg capsules,18030511000001106,AMP,0102000A0AAAAAA
19703511000001105,Alverine 60mg capsules,19703511000001105,AMP,0102000A0AAAAAA
29785311000001103,Alverine 60mg capsules,29785311000001103,AMP,0102000A0AAAAAA
37031111000001101,Alverine 60mg capsules,37031111000001101,AMP,0102000A0AAAAAA
38778011000001103,Alverine 60mg capsules,38778011000001103,AMP,0102000A0AAAAAA
40101111000001105,Alverine 60mg capsules,40101111000001105,AMP,0102000A0AAAAAA
37139511000001104,Alverine 60mg capsules,37139511000001104,AMP,0102000A0AAAAAA
29761611000001108,Alverine 60mg capsules,29761611000001108,AMP,0102000A0AAAAAA
44029711000001107,Alverine 60mg capsules,44029711000001107,AMP,0102000A0AAAAAA
21758211000001100,Alverine 60mg capsules,21758211000001100,AMP,0102000A0AAAAAA
32807111000001104,Alverine 60mg capsules,32807111000001104,AMP,0102000A0AAAAAA
42351311000001101,Alverine 120mg capsules,42351311000001101,VMP,0102000A0AAABAB
18033211000001103,Alverine 120mg capsules,18033211000001103,AMP,0102000A0AAABAB
18031311000001105,Alverine 120mg capsules,18031311000001105,AMP,0102000A0AAABAB
19703311000001104,Alverine 120mg capsules,19703311000001104,AMP,0102000A0AAABAB
37031311000001104,Alverine 120mg capsules,37031311000001104,AMP,0102000A0AAABAB
38778111000001102,Alverine 120mg capsules,38778111000001102,AMP,0102000A0AAABAB
40101311000001107,Alverine 120mg capsules,40101311000001107,AMP,0102000A0AAABAB
37139811000001101,Alverine 120mg capsules,37139811000001101,AMP,0102000A0AAABAB
29761411000001105,Alverine 120mg capsules,29761411000001105,AMP,0102000A0AAABAB
45172711000001100,Alverine 120mg capsules,45172711000001100,AMP,0102000A0AAABAB
21758711000001107,Alverine 120mg capsules,21758711000001107,AMP,0102000A0AAABAB
32806611000001105,Alverine 120mg capsules,32806611000001105,AMP,0102000A0AAABAB
359611000001105,Spasmonal 60mg capsules,359611000001105,AMP,0102000A0BBAAAA
736711000001109,Spasmonal Forte 120mg capsules,736711000001109,AMP,0102000A0BBABAB
725111000001104,Relaxyl 60mg capsules,725111000001104,AMP,0102000A0BCAAAA
19275711000001101,Audmonal 60mg capsules,19275711000001101,AMP,0102000A0BDAAAA
19275911000001104,Audmonal Forte 120mg capsules,19275911000001104,AMP,0102000A0BDABAB
33420711000001107,Gielism 60mg capsules,33420711000001107,AMP,0102000A0BEAAAA
41981411000001108,Atropine 600microgram tablets,41981411000001108,VMP,0102000ACAAAGAG
3807711000001106,Atropine 600microgram tablets,3807711000001106,AMP,0102000ACAAAGAG
3808511000001102,Atropine 600microgram tablets,3808511000001102,AMP,0102000ACAAAGAG
19706211000001100,Atropine 600microgram tablets,19706211000001100,AMP,0102000ACAAAGAG
3808311000001108,Atropine 600microgram tablets,3808311000001108,AMP,0102000ACAAAGAG
22202711000001105,Atropine 600microgram tablets,22202711000001105,AMP,0102000ACAAAGAG
3808111000001106,Atropine 600microgram tablets,3808111000001106,AMP,0102000ACAAAGAG
8281811000001102,Atropine 500micrograms/5ml oral suspension,8281811000001102,VMP,0102000ACAAAPAP
8262011000001102,Atropine 500micrograms/5ml oral suspension,8262011000001102,AMP,0102000ACAAAPAP
12079711000001104,Atropine 200micrograms/5ml oral solution,12079711000001104,VMP,0102000ACAAAQAQ
12041611000001108,Atropine 200micrograms/5ml oral solution,12041611000001108,AMP,0102000ACAAAQAQ
12080211000001106,Atropine 600micrograms/5ml oral solution,12080211000001106,VMP,0102000ACAAARAR
12043411000001109,Atropine 600micrograms/5ml oral solution,12043411000001109,AMP,0102000ACAAARAR
8281211000001103,Atropine 300micrograms/5ml oral solution,8281211000001103,VMP,0102000ACAAASAS
8281311000001106,Atropine 300micrograms/5ml oral suspension,8281311000001106,VMP,0102000ACAAASAS
8256711000001105,Atropine 300micrograms/5ml oral solution,8256711000001105,AMP,0102000ACAAASAS
8257711000001108,Atropine 300micrograms/5ml oral suspension,8257711000001108,AMP,0102000ACAAASAS
12080011000001101,Atropine 50micrograms/5ml oral solution,12080011000001101,VMP,0102000ACAAATAT
12042211000001104,Atropine 50micrograms/5ml oral solution,12042211000001104,AMP,0102000ACAAATAT
12080311000001103,Atropine 850micrograms/5ml oral solution,12080311000001103,VMP,0102000ACAAAUAU
12067711000001100,Atropine 850micrograms/5ml oral solution,12067711000001100,AMP,0102000ACAAAUAU
12079511000001109,Atropine 100micrograms/5ml oral solution,12079511000001109,VMP,0102000ACAAAVAV
12040811000001104,Atropine 100micrograms/5ml oral solution,12040811000001104,AMP,0102000ACAAAVAV
8281411000001104,Atropine 400micrograms/5ml oral solution,8281411000001104,VMP,0102000ACAAAWAW
8281511000001100,Atropine 400micrograms/5ml oral suspension,8281511000001100,VMP,0102000ACAAAWAW
8256111000001109,Atropine 400micrograms/5ml oral solution,8256111000001109,AMP,0102000ACAAAWAW
8257211000001101,Atropine 400micrograms/5ml oral suspension,8257211000001101,AMP,0102000ACAAAWAW
12079611000001108,Atropine 150micrograms/5ml oral solution,12079611000001108,VMP,0102000ACAAAXAX
12041211000001106,Atropine 150micrograms/5ml oral solution,12041211000001106,AMP,0102000ACAAAXAX
12080111000001100,Atropine 5mg/5ml oral solution,12080111000001100,VMP,0102000ACAAAYAY
12042811000001103,Atropine 5mg/5ml oral solution,12042811000001103,AMP,0102000ACAAAYAY
8281011000001108,Atropine 250micrograms/5ml oral solution,8281011000001108,VMP,0102000ACAAAZAZ
8281111000001109,Atropine 250micrograms/5ml oral suspension,8281111000001109,VMP,0102000ACAAAZAZ
8255611000001106,Atropine 250micrograms/5ml oral solution,8255611000001106,AMP,0102000ACAAAZAZ
8256511000001100,Atropine 250micrograms/5ml oral suspension,8256511000001100,AMP,0102000ACAAAZAZ
8281611000001101,Atropine 500micrograms/5ml oral solution,8281611000001101,VMP,0102000ACAABABA
8260911000001102,Atropine 500micrograms/5ml oral solution,8260911000001102,AMP,0102000ACAABABA
34308311000001105,Alverine 60mg / Simeticone 300mg capsules,34308311000001105,VMP,0102000AJAAAAAA
34273411000001107,SimAlvia 60mg/300mg capsules,34273411000001107,AMP,0102000AJBBAAAA
34585311000001104,Eluxadoline 100mg tablets,34585311000001104,VMP,0102000AKAAAAAA
34585411000001106,Eluxadoline 75mg tablets,34585411000001106,VMP,0102000AKAAABAB
34547811000001109,Truberzi 100mg tablets,34547811000001109,AMP,0102000AKBBAAAA
34548111000001101,Truberzi 75mg tablets,34548111000001101,AMP,0102000AKBBABAB
42358811000001104,Sterculia 62% / Alverine 0.5% granules,42358811000001104,VMP,0102000C0AAAAAA
560811000001106,Spasmonal Fibre granules,560811000001106,AMP,0102000C0BCAAAA
8976911000001108,Chamomilla oral powder sachets sugar free,8976911000001108,VMP,0102000D0AAAFAF
42126711000001104,Chlordiazepoxide 5mg / Clidinium bromide 2.5mg capsules,42126711000001104,VMP,0102000D0AAAHAH
8970711000001108,Ashton & Parsons Teething Powders oral powder sachets,8970711000001108,AMP,0102000D0BCAAAF
17634911000001106,Librax capsules,17634911000001106,AMP,0102000D0BHABAH
5146011000001101,Belladonna tincture,5146011000001101,VMP,0102000H0AAAHAH
5138211000001106,Belladonna tincture,5138211000001106,AMP,0102000H0AAAHAH
34447011000001106,Belladonna medicated plaster 9.5cm x 12.5cm,34447011000001106,VMP,0102000H0AAAMAM
36622111000001100,Belladonna medicated plaster 9.5cm x 12.5cm,36622111000001100,AMP,0102000H0AAAMAM
36645311000001107,Belladonna medicated plaster 9.5cm x 12.5cm,36645311000001107,AMP,0102000H0AAAMAM
34438811000001102,Belladonna medicated plaster 9.5cm x 12.5cm,34438811000001102,AMP,0102000H0AAAMAM
34446911000001107,Belladonna medicated plaster 28cm x 17.5cm,34446911000001107,VMP,0102000H0AAANAN
36623311000001108,Belladonna medicated plaster 28cm x 17.5cm,36623311000001108,AMP,0102000H0AAANAN
36635411000001104,Belladonna medicated plaster 28cm x 17.5cm,36635411000001104,AMP,0102000H0AAANAN
34439111000001102,Belladonna medicated plaster 28cm x 17.5cm,34439111000001102,AMP,0102000H0AAANAN
42353111000001102,Dicycloverine 10mg/5ml oral solution,42353111000001102,VMP,0102000J0AAAAAA
19356411000001107,Dicycloverine 10mg/5ml oral solution,19356411000001107,AMP,0102000J0AAAAAA
29920911000001105,Dicycloverine 10mg/5ml oral solution,29920911000001105,AMP,0102000J0AAAAAA
19355411000001103,Dicycloverine 10mg/5ml oral solution,19355411000001103,AMP,0102000J0AAAAAA
30049511000001104,Dicycloverine 10mg/5ml oral solution,30049511000001104,AMP,0102000J0AAAAAA
42491411000001108,Dicycloverine 10mg/5ml oral solution,42491411000001108,AMP,0102000J0AAAAAA
38870611000001109,Dicycloverine 10mg/5ml oral solution,38870611000001109,AMP,0102000J0AAAAAA
35941611000001101,Dicycloverine 10mg/5ml oral solution,35941611000001101,AMP,0102000J0AAAAAA
23655111000001100,Dicycloverine 10mg/5ml oral solution,23655111000001100,AMP,0102000J0AAAAAA
29805511000001105,Dicycloverine 10mg/5ml oral solution,29805511000001105,AMP,0102000J0AAAAAA
29397011000001108,Dicycloverine 10mg/5ml oral solution,29397011000001108,AMP,0102000J0AAAAAA
33676011000001106,Dicycloverine 10mg/5ml oral solution,33676011000001106,AMP,0102000J0AAAAAA
21943411000001102,Dicycloverine 10mg/5ml oral solution,21943411000001102,AMP,0102000J0AAAAAA
19275211000001108,Dicycloverine 10mg/5ml oral solution,19275211000001108,AMP,0102000J0AAAAAA
42353011000001103,Dicycloverine 10mg tablets,42353011000001103,VMP,0102000J0AAABAB
19356711000001101,Dicycloverine 10mg tablets,19356711000001101,AMP,0102000J0AAABAB
29921111000001101,Dicycloverine 10mg tablets,29921111000001101,AMP,0102000J0AAABAB
19355711000001109,Dicycloverine 10mg tablets,19355711000001109,AMP,0102000J0AAABAB
45867211000001108,Dicycloverine 10mg tablets,45867211000001108,AMP,0102000J0AAABAB
30049711000001109,Dicycloverine 10mg tablets,30049711000001109,AMP,0102000J0AAABAB
36830711000001108,Dicycloverine 10mg tablets,36830711000001108,AMP,0102000J0AAABAB
38870411000001106,Dicycloverine 10mg tablets,38870411000001106,AMP,0102000J0AAABAB
38623211000001106,Dicycloverine 10mg tablets,38623211000001106,AMP,0102000J0AAABAB
23655311000001103,Dicycloverine 10mg tablets,23655311000001103,AMP,0102000J0AAABAB
29805111000001101,Dicycloverine 10mg tablets,29805111000001101,AMP,0102000J0AAABAB
33675611000001109,Dicycloverine 10mg tablets,33675611000001109,AMP,0102000J0AAABAB
21943611000001104,Dicycloverine 10mg tablets,21943611000001104,AMP,0102000J0AAABAB
19303411000001105,Dicycloverine 10mg tablets,19303411000001105,AMP,0102000J0AAABAB
42353211000001108,Dicycloverine 20mg tablets,42353211000001108,VMP,0102000J0AAACAC
19357011000001100,Dicycloverine 20mg tablets,19357011000001100,AMP,0102000J0AAACAC
29921311000001104,Dicycloverine 20mg tablets,29921311000001104,AMP,0102000J0AAACAC
19356011000001103,Dicycloverine 20mg tablets,19356011000001103,AMP,0102000J0AAACAC
45867411000001107,Dicycloverine 20mg tablets,45867411000001107,AMP,0102000J0AAACAC
30049911000001106,Dicycloverine 20mg tablets,30049911000001106,AMP,0102000J0AAACAC
36830511000001103,Dicycloverine 20mg tablets,36830511000001103,AMP,0102000J0AAACAC
38870811000001108,Dicycloverine 20mg tablets,38870811000001108,AMP,0102000J0AAACAC
38655111000001103,Dicycloverine 20mg tablets,38655111000001103,AMP,0102000J0AAACAC
23655511000001109,Dicycloverine 20mg tablets,23655511000001109,AMP,0102000J0AAACAC
29805311000001104,Dicycloverine 20mg tablets,29805311000001104,AMP,0102000J0AAACAC
33675811000001108,Dicycloverine 20mg tablets,33675811000001108,AMP,0102000J0AAACAC
21943811000001100,Dicycloverine 20mg tablets,21943811000001100,AMP,0102000J0AAACAC
19303211000001106,Dicycloverine 20mg tablets,19303211000001106,AMP,0102000J0AAACAC
40962811000001105,Dicycloverine 10mg/5ml oral solution sugar free,40962811000001105,VMP,0102000J0AAADAD
40953311000001104,Dicycloverine 10mg/5ml oral solution sugar free,40953311000001104,AMP,0102000J0AAADAD
425811000001103,Merbentyl 10mg tablets,425811000001103,AMP,0102000J0BBAAAB
482911000001108,Merbentyl 10mg/5ml syrup,482911000001108,AMP,0102000J0BBABAA
881611000001104,Merbentyl 20 tablets,881611000001104,AMP,0102000J0BBAEAC
3544511000001103,Generic Kolanticon gel sugar free,3544511000001103,VMP,0102000K0AAAAAA
3174311000001100,Kolanticon gel,3174311000001100,AMP,0102000K0BBAAAA
36044111000001101,Hyoscine butylbromide 20mg/1ml solution for injection ampoules,36044111000001101,VMP,0102000N0AAAAAA
39145311000001101,Hyoscine butylbromide 20mg/1ml solution for injection ampoules,39145311000001101,AMP,0102000N0AAAAAA
40836611000001105,Hyoscine butylbromide 20mg/1ml solution for injection ampoules,40836611000001105,AMP,0102000N0AAAAAA
42037011000001109,Hyoscine butylbromide 10mg tablets,42037011000001109,VMP,0102000N0AAABAB
40607811000001106,Hyoscine butylbromide 10mg tablets,40607811000001106,AMP,0102000N0AAABAB
40610411000001107,Hyoscine butylbromide 10mg tablets,40610411000001107,AMP,0102000N0AAABAB
43147511000001100,Hyoscine butylbromide 10mg tablets,43147511000001100,AMP,0102000N0AAABAB
40378511000001106,Hyoscine butylbromide 10mg tablets,40378511000001106,AMP,0102000N0AAABAB
45533511000001106,Hyoscine butylbromide 10mg tablets,45533511000001106,AMP,0102000N0AAABAB
12636111000001104,Hyoscine butylbromide 100mg/5ml oral solution,12636111000001104,VMP,0102000N0AAADAD
12582511000001107,Hyoscine butylbromide 100mg/5ml oral solution,12582511000001107,AMP,0102000N0AAADAD
12636211000001105,Hyoscine butylbromide 1mg/5ml oral solution,12636211000001105,VMP,0102000N0AAAEAE
12582811000001105,Hyoscine butylbromide 1mg/5ml oral solution,12582811000001105,AMP,0102000N0AAAEAE
12636511000001108,Hyoscine butylbromide 500micrograms/5ml oral solution,12636511000001108,VMP,0102000N0AAAFAF
12583711000001105,Hyoscine butylbromide 500micrograms/5ml oral solution,12583711000001105,AMP,0102000N0AAAFAF
12636311000001102,Hyoscine butylbromide 20mg/5ml oral solution,12636311000001102,VMP,0102000N0AAAHAH
12583111000001109,Hyoscine butylbromide 20mg/5ml oral solution,12583111000001109,AMP,0102000N0AAAHAH
12636611000001107,Hyoscine butylbromide 5mg/5ml oral solution,12636611000001107,VMP,0102000N0AAAIAI
12584011000001105,Hyoscine butylbromide 5mg/5ml oral solution,12584011000001105,AMP,0102000N0AAAIAI
12636411000001109,Hyoscine butylbromide 400micrograms/5ml oral solution,12636411000001109,VMP,0102000N0AAAMAM
12583411000001104,Hyoscine butylbromide 400micrograms/5ml oral solution,12583411000001104,AMP,0102000N0AAAMAM
16090311000001103,Hyoscine butylbromide 4.9mg/5ml oral solution,16090311000001103,VMP,0102000N0AAANAN
16081911000001105,Hyoscine butylbromide 4.9mg/5ml oral solution,16081911000001105,AMP,0102000N0AAANAN
8560311000001108,Hyoscine butylbromide 10mg/5ml oral solution,8560311000001108,VMP,0102000N0AAAPAP
8540011000001103,Hyoscine butylbromide 10mg/5ml oral solution,8540011000001103,AMP,0102000N0AAAPAP
8560411000001101,Hyoscine butylbromide 10mg/5ml oral suspension,8560411000001101,VMP,0102000N0AAAQAQ
8540411000001107,Hyoscine butylbromide 10mg/5ml oral suspension,8540411000001107,AMP,0102000N0AAAQAQ
34840711000001103,Hyoscine butylbromide 20mg/5ml oral suspension,34840711000001103,VMP,0102000N0AAATAT
34824611000001102,Hyoscine butylbromide 20mg/5ml oral suspension,34824611000001102,AMP,0102000N0AAATAT
40389511000001108,Hyoscine butylbromide 20mg tablets,40389511000001108,VMP,0102000N0AAAUAU
40816611000001104,Hyoscine butylbromide 20mg tablets,40816611000001104,AMP,0102000N0AAAUAU
40722111000001102,Hyoscine butylbromide 20mg tablets,40722111000001102,AMP,0102000N0AAAUAU
43147711000001105,Hyoscine butylbromide 20mg tablets,43147711000001105,AMP,0102000N0AAAUAU
40378311000001100,Hyoscine butylbromide 20mg tablets,40378311000001100,AMP,0102000N0AAAUAU
738611000001104,Buscopan 10mg tablets,738611000001104,AMP,0102000N0BBAAAB
3242611000001101,Buscopan 20mg/1ml solution for injection ampoules,3242611000001101,AMP,0102000N0BBABAA
8984111000001106,Buscopan IBS Relief 10mg tablets,8984111000001106,AMP,0102000N0BBACAB
17000911000001100,Buscopan Cramps 10mg tablets,17000911000001100,AMP,0102000N0BBADAB
45603411000001106,Sigmopan 10mg tablets,45603411000001106,AMP,0102000N0BCAAAB
46047111000001105,Sigmopan Cramps Relief 10mg tablets,46047111000001105,AMP,0102000N0BCABAB
46060711000001104,Sigmopan IBS Relief 10mg tablets,46060711000001104,AMP,0102000N0BCACAB
3655411000001107,Mebeverine 50mg/5ml oral suspension sugar free,3655411000001107,VMP,0102000P0AAAAAA
14033111000001108,Mebeverine 50mg/5ml oral suspension,14033111000001108,AMP,0102000P0AAAAAA
10134111000001104,Mebeverine 50mg/5ml oral suspension sugar free,10134111000001104,AMP,0102000P0AAAAAA
45639711000001108,Mebeverine 50mg/5ml oral suspension sugar free,45639711000001108,AMP,0102000P0AAAAAA
9905711000001105,Mebeverine 50mg/5ml oral suspension sugar free,9905711000001105,AMP,0102000P0AAAAAA
40361411000001106,Mebeverine 50mg/5ml oral suspension sugar free,40361411000001106,AMP,0102000P0AAAAAA
9764211000001105,Mebeverine 50mg/5ml oral suspension sugar free,9764211000001105,AMP,0102000P0AAAAAA
39035111000001106,Mebeverine 50mg/5ml oral suspension sugar free,39035111000001106,AMP,0102000P0AAAAAA
45616711000001105,Mebeverine 50mg/5ml oral suspension sugar free,45616711000001105,AMP,0102000P0AAAAAA
38953211000001106,Mebeverine 50mg/5ml oral suspension sugar free,38953211000001106,AMP,0102000P0AAAAAA
42355011000001102,Mebeverine 135mg tablets,42355011000001102,VMP,0102000P0AAABAB
2899811000001104,Mebeverine 135mg tablets,2899811000001104,AMP,0102000P0AAABAB
3305011000001104,Mebeverine 135mg tablets,3305011000001104,AMP,0102000P0AAABAB
45392711000001103,Mebeverine 135mg tablets,45392711000001103,AMP,0102000P0AAABAB
3306811000001102,Mebeverine 135mg tablets,3306811000001102,AMP,0102000P0AAABAB
17971111000001106,Mebeverine 135mg tablets,17971111000001106,AMP,0102000P0AAABAB
10389711000001101,Mebeverine 135mg tablets,10389711000001101,AMP,0102000P0AAABAB
36506211000001105,Mebeverine 135mg tablets,36506211000001105,AMP,0102000P0AAABAB
36599811000001103,Mebeverine 135mg tablets,36599811000001103,AMP,0102000P0AAABAB
24378211000001107,Mebeverine 135mg tablets,24378211000001107,AMP,0102000P0AAABAB
3304111000001102,Mebeverine 135mg tablets,3304111000001102,AMP,0102000P0AAABAB
3305311000001101,Mebeverine 135mg tablets,3305311000001101,AMP,0102000P0AAABAB
42509911000001108,Mebeverine 135mg tablets,42509911000001108,AMP,0102000P0AAABAB
30826711000001100,Mebeverine 135mg tablets,30826711000001100,AMP,0102000P0AAABAB
39034711000001108,Mebeverine 135mg tablets,39034711000001108,AMP,0102000P0AAABAB
37948211000001106,Mebeverine 135mg tablets,37948211000001106,AMP,0102000P0AAABAB
35167611000001102,Mebeverine 135mg tablets,35167611000001102,AMP,0102000P0AAABAB
38323411000001101,Mebeverine 135mg tablets,38323411000001101,AMP,0102000P0AAABAB
36731011000001104,Mebeverine 135mg tablets,36731011000001104,AMP,0102000P0AAABAB
17939211000001102,Mebeverine 135mg tablets,17939211000001102,AMP,0102000P0AAABAB
3303711000001103,Mebeverine 135mg tablets,3303711000001103,AMP,0102000P0AAABAB
29904511000001104,Mebeverine 135mg tablets,29904511000001104,AMP,0102000P0AAABAB
3304511000001106,Mebeverine 135mg tablets,3304511000001106,AMP,0102000P0AAABAB
3302111000001105,Mebeverine 135mg tablets,3302111000001105,AMP,0102000P0AAABAB
21790811000001107,Mebeverine 135mg tablets,21790811000001107,AMP,0102000P0AAABAB
45644011000001106,Mebeverine 135mg tablets,45644011000001106,AMP,0102000P0AAABAB
42354911000001102,Mebeverine 100mg tablets,42354911000001102,VMP,0102000P0AAACAC
39107911000001102,Mebeverine 200mg modified-release capsules,39107911000001102,VMP,0102000P0AAADAD
35108711000001108,Mebeverine 200mg modified-release capsules,35108711000001108,AMP,0102000P0AAADAD
35323211000001108,Mebeverine 200mg modified-release capsules,35323211000001108,AMP,0102000P0AAADAD
35110711000001109,Mebeverine 200mg modified-release capsules,35110711000001109,AMP,0102000P0AAADAD
35026711000001109,Mebeverine 200mg modified-release capsules,35026711000001109,AMP,0102000P0AAADAD
38189711000001108,Mebeverine 200mg modified-release capsules,38189711000001108,AMP,0102000P0AAADAD
39034911000001105,Mebeverine 200mg modified-release capsules,39034911000001105,AMP,0102000P0AAADAD
27800611000001106,Mebeverine 135mg oral powder sachets,27800611000001106,VMP,0102000P0AAAEAE
27778111000001106,Mebeverine 135mg oral powder sachets,27778111000001106,AMP,0102000P0AAAEAE
36595611000001100,Mebeverine 150mg/5ml oral suspension,36595611000001100,VMP,0102000P0AAAFAF
36581911000001105,Mebeverine 150mg/5ml oral suspension,36581911000001105,AMP,0102000P0AAAFAF
3649711000001102,Colofac 50mg/5ml liquid,3649711000001102,AMP,0102000P0BCAAAA
2902111000001107,Colofac 135mg tablets,2902111000001107,AMP,0102000P0BCABAB
2908911000001108,Colofac IBS 135mg tablets,2908911000001108,AMP,0102000P0BCACAB
3835411000001101,Colofac 100 tablets,3835411000001101,AMP,0102000P0BCADAC
285611000001107,Colofac MR 200mg capsules,285611000001107,AMP,0102000P0BCAEAD
2901111000001102,Equilon 135mg tablets,2901111000001102,AMP,0102000P0BFAAAB
17988811000001100,Boots IBS Relief 135mg tablets,17988811000001100,AMP,0102000P0BHAAAB
35246611000001107,Aurobeverine MR 200mg capsules,35246611000001107,AMP,0102000P0BIAAAD
45540111000001108,Numark Mebeverine 135mg tablets,45540111000001108,AMP,0102000P0BJAAAB
42355111000001101,Mepenzolate bromide 25mg tablets,42355111000001101,VMP,0102000R0AAABAB
27397411000001108,Mepenzolate bromide 25mg tablets,27397411000001108,AMP,0102000R0AAABAB
16598511000001109,Cantil 25mg tablets,16598511000001109,AMP,0102000R0BBAAAB
14610311000001100,Peppermint oil 0.2ml gastro-resistant capsules,14610311000001100,VMP,0102000T0AAAAAA
14034011000001109,Peppermint oil 0.2ml gastro-resistant capsules,14034011000001109,AMP,0102000T0AAAAAA
32726911000001106,Peppermint oil 0.2ml gastro-resistant capsules,32726911000001106,AMP,0102000T0AAAAAA
30075111000001107,Peppermint oil 0.2ml gastro-resistant capsules,30075111000001107,AMP,0102000T0AAAAAA
37126111000001103,Peppermint oil 0.2ml gastro-resistant capsules,37126111000001103,AMP,0102000T0AAAAAA
39328511000001109,Peppermint oil 0.2ml gastro-resistant capsules,39328511000001109,AMP,0102000T0AAAAAA
18168011000001100,Peppermint oil 0.2ml gastro-resistant capsules,18168011000001100,AMP,0102000T0AAAAAA
18733511000001102,Peppermint oil 0.2ml gastro-resistant capsules,18733511000001102,AMP,0102000T0AAAAAA
4317611000001100,Peppermint oil liquid,4317611000001100,VMP,0102000T0AAABAB
4308811000001104,Peppermint oil liquid,4308811000001104,AMP,0102000T0AAABAB
4309311000001102,Peppermint oil liquid,4309311000001102,AMP,0102000T0AAABAB
4309111000001104,Peppermint oil liquid,4309111000001104,AMP,0102000T0AAABAB
8998511000001108,Peppermint oil liquid,8998511000001108,AMP,0102000T0AAABAB
14610211000001108,Peppermint oil 0.2ml gastro-resistant modified-release capsules,14610211000001108,VMP,0102000T0AAAFAF
3162011000001100,Colpermin IBS Relief gastro-resistant modified-release capsules,3162011000001100,AMP,0102000T0BBAAAF
3161911000001107,Mintec 0.2ml gastro-resistant capsules,3161911000001107,AMP,0102000T0BCAAAA
3161611000001101,Equilon Herbal 0.2ml gastro-resistant capsules,3161611000001101,AMP,0102000T0BGAAAA
19275011000001103,Apercap 0.2ml gastro-resistant capsules,19275011000001103,AMP,0102000T0BIAAAA
32433111000001109,Colomint 0.2ml gastro-resistant capsules,32433111000001109,AMP,0102000T0BJAAAA
34630211000001103,PepperMinn 0.2ml gastro-resistant capsules,34630211000001103,AMP,0102000T0BKAAAA
41087211000001106,Buscomint 0.2ml gastro-resistant capsules,41087211000001106,AMP,0102000T0BLAAAA
42345411000001109,ColoPep 0.2ml gastro-resistant capsules,42345411000001109,AMP,0102000T0BMAAAA
42620711000001101,Purosure Peppermint oil 0.2ml gastro-resistant capsules,42620711000001101,AMP,0102000T0BNAAAA
45751911000001102,ActiMint 0.2ml gastro-resistant capsules,45751911000001102,AMP,0102000T0BPAAAA
42354211000001106,Ispaghula husk 3.5g / Mebeverine 135mg effervescent granules sachets sugar free,42354211000001106,VMP,0102000X0AAAAAA
3259711000001101,Fybogel Mebeverine effervescent granules sachets orange,3259711000001101,AMP,0102000X0BCAAAA
42357311000001107,Propantheline bromide 15mg tablets,42357311000001107,VMP,0102000Y0AAAFAF
42685111000001103,Propantheline bromide 15mg tablets,42685111000001103,AMP,0102000Y0AAAFAF
42811611000001104,Propantheline bromide 15mg tablets,42811611000001104,AMP,0102000Y0AAAFAF
42639811000001102,Propantheline bromide 15mg tablets,42639811000001102,AMP,0102000Y0AAAFAF
42492011000001107,Propantheline bromide 15mg tablets,42492011000001107,AMP,0102000Y0AAAFAF
21013011000001107,Propantheline bromide 15mg tablets,21013011000001107,AMP,0102000Y0AAAFAF
8672311000001107,Propantheline bromide 15mg/5ml oral solution,8672311000001107,VMP,0102000Y0AAAIAI
8672411000001100,Propantheline bromide 15mg/5ml oral suspension,8672411000001100,VMP,0102000Y0AAAIAI
8652311000001105,Propantheline bromide 15mg/5ml oral solution,8652311000001105,AMP,0102000Y0AAAIAI
8652611000001100,Propantheline bromide 15mg/5ml oral suspension,8652611000001100,AMP,0102000Y0AAAIAI
13150311000001105,Propantheline bromide 10mg/5ml oral solution,13150311000001105,VMP,0102000Y0AAAUAU
13146211000001103,Propantheline bromide 10mg/5ml oral solution,13146211000001103,AMP,0102000Y0AAAUAU
13150511000001104,Propantheline bromide 30mg/5ml oral solution,13150511000001104,VMP,0102000Y0AAAWAW
13147011000001106,Propantheline bromide 30mg/5ml oral solution,13147011000001106,AMP,0102000Y0AAAWAW
13150711000001109,Propantheline bromide 6.25mg/5ml oral solution,13150711000001109,VMP,0102000Y0AAAXAX
13150211000001102,Propantheline bromide 6.25mg/5ml oral solution,13150211000001102,AMP,0102000Y0AAAXAX
13150411000001103,Propantheline bromide 2.5mg/5ml oral solution,13150411000001103,VMP,0102000Y0AAAYAY
13146511000001100,Propantheline bromide 2.5mg/5ml oral solution,13146511000001100,AMP,0102000Y0AAAYAY
13150611000001100,Propantheline bromide 5mg/5ml oral solution,13150611000001100,VMP,0102000Y0AAAZAZ
13149311000001104,Propantheline bromide 5mg/5ml oral solution,13149311000001104,AMP,0102000Y0AAAZAZ
13161611000001100,Propantheline bromide 6.4mg/5ml oral solution,13161611000001100,VMP,0102000Y0AABABA
13151111000001102,Propantheline bromide 6.4mg/5ml oral solution,13151111000001102,AMP,0102000Y0AABABA
8672511000001101,Propantheline bromide 7.5mg/5ml oral solution,8672511000001101,VMP,0102000Y0AABBBB
8672611000001102,Propantheline bromide 7.5mg/5ml oral suspension,8672611000001102,VMP,0102000Y0AABBBB
8653411000001107,Propantheline bromide 7.5mg/5ml oral solution,8653411000001107,AMP,0102000Y0AABBBB
8655111000001101,Propantheline bromide 7.5mg/5ml oral suspension,8655111000001101,AMP,0102000Y0AABBBB
870711000001107,Pro-Banthine 15mg tablets,870711000001107,AMP,0102000Y0BBAAAF
15066111000001102,Magnesium sulfate powder,15066111000001102,VMP,0106040L0AAABAB
17023311000001102,Epsom Salts,17023311000001102,AMP,0106040L0AAABAB
9743611000001103,Epsom Salts,9743611000001103,AMP,0106040L0AAABAB
4328311000001102,Magnesium sulfate powder,4328311000001102,AMP,0106040L0AAABAB
4328711000001103,Magnesium sulfate powder,4328711000001103,AMP,0106040L0AAABAB
7382811000001105,Magnesium sulfate powder,7382811000001105,AMP,0106040L0AAABAB
36040611000001102,Magnesium sulfate mixture,36040611000001102,VMP,0106040L0AAAEAE
8182711000001100,Magnesium sulfate mixture,8182711000001100,AMP,0106040L0AAAEAE
11420511000001105,Magnesium sulfate mixture,11420511000001105,AMP,0106040L0AAAEAE
24585511000001106,Numark Epsom Salts,24585511000001106,AMP,0106040L0BCAAAB
42179611000001104,Care Epsom Salts,42179611000001104,AMP,0106040L0BDAAAB
317084000,VMP previous to 41981411000001108,317084000,VMP,0102000ACAAAGAG
317108001,VMP previous to 42353211000001108,317108001,VMP,0102000J0AAACAC
317109009,VMP previous to 42353011000001103,317109009,VMP,0102000J0AAABAB
317110004,VMP previous to 42353111000001102,317110004,VMP,0102000J0AAAAAA
317117001,VMP previous to 42037011000001109,317117001,VMP,0102000N0AAABAB
317118006,VMP previous to 36044111000001101,317118006,VMP,0102000N0AAAAAA
317139004,VMP previous to 42357311000001107,317139004,VMP,0102000Y0AAAFAF
317145007,VMP previous to 42351311000001101,317145007,VMP,0102000A0AAABAB
317147004,VMP previous to 42358811000001104,317147004,VMP,0102000C0AAAAAA
317148009,VMP previous to 42351411000001108,317148009,VMP,0102000A0AAAAAA
317156007,VMP previous to 42354911000001102,317156007,VMP,0102000P0AAACAC
317159000,VMP previous to 39107911000001102,317159000,VMP,0102000P0AAADAD
317160005,VMP previous to 42354211000001106,317160005,VMP,0102000X0AAAAAA
317161009,VMP previous to 42355011000001102,317161009,VMP,0102000P0AAABAB
317167008,VMP previous to 14610311000001100,317167008,VMP,0102000T0AAAAAA
317168003,VMP previous to 14610211000001108,317168003,VMP,0102000T0AAAFAF
317587002,VMP previous to 15066111000001102,317587002,VMP,0106040L0AAABAB
317588007,VMP previous to 36040611000001102,317588007,VMP,0106040L0AAAEAE
375534004,VMP previous to 42355111000001101,375534004,VMP,0102000R0AAABAB
377277000,VMP previous to 42126711000001104,377277000,VMP,0102000D0AAAHAH
